PassengerId,Survived,Pclass,Age,SibSp,Parch,Fare,Sex_male,Embarked_Q,Embarked_S
1,0,3,-0.5924805998028931,1,0,-0.5024451714361923,True,False,True
3,1,3,-0.2846631968415396,0,0,-0.4888542575852486,False,False,True
4,1,1,0.40792595982150565,1,0,0.4207302360686478,False,False,True
5,0,3,0.40792595982150565,0,0,-0.4863374216869257,True,False,True
6,0,3,0.0,0,0,-0.47811642890864375,True,True,False
7,0,1,1.8700586238879346,0,0,0.395813560675251,True,False,True
9,1,3,-0.20770884610120124,0,2,-0.4242561406845337,False,False,True
10,1,2,-1.2081154057256,1,0,-0.04295550208861426,False,False,False
11,1,3,-1.9776589131289837,1,1,-0.312172377522981,False,False,True
13,0,3,-0.7463893012835698,0,0,-0.4863374216869257,True,False,True
14,0,3,0.7157433627828591,1,5,-0.01870931177853076,True,False,True
15,0,3,-1.2081154057256,0,0,-0.4902797934380587,False,False,True
18,1,2,0.0,0,0,-0.3866707201133388,True,False,True
19,0,3,0.1001085568601522,1,0,-0.2859972841804228,False,False,True
20,1,3,0.0,0,0,-0.5029485386158568,False,False,False
21,0,2,0.40792595982150565,0,0,-0.12491978668775715,True,False,True
22,1,2,0.3309716090811673,0,0,-0.3866707201133388,True,False,True
23,1,3,-1.1311610549852615,0,0,-0.4867562231804066,False,True,False
24,1,1,-0.1307544953608629,0,0,0.06635974158478332,True,False,True
25,0,3,-1.6698415101676303,3,1,-0.22408312108167944,False,False,True
26,1,3,0.6387890120425208,1,5,-0.016444159470040135,False,False,True
27,0,3,0.0,0,0,-0.5029485386158568,True,False,False
29,1,3,0.0,0,0,-0.48977642625839407,False,True,False
30,0,3,0.0,0,0,-0.4894421904510968,True,False,True
31,0,1,0.7926977135231975,0,0,-0.09027201697708476,True,False,False
33,1,3,0.0,0,0,-0.49237782784290063,False,True,False
36,0,1,0.9466064150038742,1,0,0.39858208016340624,True,False,True
37,1,3,0.0,0,0,-0.5028639729296732,True,False,False
38,0,3,-0.6694349505432314,0,0,-0.4863374216869257,True,False,True
39,0,3,-0.9002980027642465,2,0,-0.2859972841804228,False,False,True
40,1,3,-1.2081154057256,1,0,-0.42207354059350805,False,False,False
41,0,3,0.7926977135231975,1,0,-0.4576454924460446,False,False,True
42,0,2,-0.20770884610120124,1,0,-0.22559322262067316,False,False,True
43,0,3,0.0,0,0,-0.4894421904510968,True,False,False
44,1,2,-2.054613263869322,1,2,0.18876253192945994,False,False,False
45,1,3,-0.8233436520239081,0,0,-0.48977642625839407,False,True,False
46,0,3,0.0,0,0,-0.4863374216869257,True,False,True
47,0,3,0.0,1,0,-0.3363340021468808,True,True,False
48,1,3,0.0,0,0,-0.49237782784290063,False,True,False
49,0,3,0.0,2,0,-0.21191774308354583,True,False,False
50,0,3,-0.9002980027642465,1,0,-0.29002422161773944,False,False,True
51,0,3,-1.7467958609079686,4,1,0.1506737441786005,True,False,True
52,0,3,-0.6694349505432314,0,0,-0.4913710934835715,True,False,True
54,1,2,-0.05380014462052453,1,0,-0.12491978668775715,False,False,True
56,1,1,0.0,0,0,0.06635974158478332,True,False,True
57,1,2,-0.6694349505432314,0,0,-0.43700743807979686,False,False,True
58,0,3,-0.0922773199906937,0,0,-0.5028639729296732,True,False,False
59,1,2,-1.9007045623886454,1,2,-0.08968408411123653,False,False,True
60,0,3,-1.4389784579466152,5,2,0.2958951755118318,True,False,True
61,0,3,-0.5924805998028931,0,0,-0.5028639729296732,True,False,False
64,0,3,-1.9776589131289837,3,2,-0.08666388103324908,True,False,True
65,0,1,0.0,0,0,-0.09027201697708476,True,False,False
66,1,3,0.0,1,1,-0.3414522396297103,True,False,False
67,1,2,-0.05380014462052453,0,0,-0.43700743807979686,False,False,True
68,0,3,-0.8233436520239081,0,0,-0.4841568350646187,True,False,True
69,1,3,-0.977252353504585,4,2,-0.4888542575852486,False,False,True
70,0,3,-0.2846631968415396,2,0,-0.47400492578514347,True,False,True
71,0,2,0.17706290760049057,0,0,-0.43700743807979686,True,False,True
72,0,3,-1.0542067042449232,5,2,0.2958951755118318,False,False,True
74,0,3,-0.2846631968415396,1,0,-0.3573908580066095,True,False,False
75,1,3,0.17706290760049057,0,0,0.48910360681684706,True,False,True
76,0,3,-0.361617547581878,0,0,-0.494391296561559,True,False,True
77,0,3,0.0,0,0,-0.4894421904510968,True,False,True
78,0,3,0.0,0,0,-0.4863374216869257,True,False,True
80,1,3,0.02315420611981384,0,0,-0.397241430886295,False,False,True
81,0,3,-0.5924805998028931,0,0,-0.46720946885967163,True,False,True
82,1,3,-0.05380014462052453,0,0,-0.45714212526638004,True,False,True
83,1,3,0.0,0,0,-0.49162277707340374,False,True,False
84,0,1,-0.1307544953608629,0,0,0.29992211294914856,True,False,True
85,1,2,-0.977252353504585,0,0,-0.43700743807979686,False,False,True
86,1,3,0.25401725834082894,3,0,-0.32928686163157667,False,False,True
87,0,3,-1.0542067042449232,1,3,0.04370821849987721,True,False,True
88,0,3,0.0,0,0,-0.4863374216869257,True,False,True
90,0,3,-0.4385718983222164,0,0,-0.4863374216869257,True,False,True
91,0,3,-0.05380014462052453,0,0,-0.4863374216869257,True,False,True
92,0,3,-0.7463893012835698,0,0,-0.4902797934380587,True,False,True
93,0,1,1.2544238179652276,1,0,0.5833178351003071,True,False,True
94,0,3,-0.2846631968415396,1,2,-0.23415046467497105,True,False,True
96,0,3,0.0,0,0,-0.4863374216869257,True,False,True
99,1,2,0.3309716090811673,0,1,-0.18532384824750675,False,False,True
100,0,2,0.3309716090811673,1,0,-0.12491978668775715,True,False,True
101,0,3,-0.1307544953608629,0,0,-0.4894421904510968,False,False,True
102,0,3,0.0,0,0,-0.4894421904510968,True,False,True
104,0,3,0.25401725834082894,0,0,-0.4741720436887921,True,False,True
105,0,3,0.5618346613021824,2,0,-0.4888542575852486,True,False,True
106,0,3,-0.1307544953608629,0,0,-0.4894421904510968,True,False,True
107,1,3,-0.6694349505432314,0,0,-0.494391296561559,False,False,True
108,1,3,0.0,0,0,-0.4918744606632361,True,False,True
109,0,3,0.6387890120425208,0,0,-0.4894421904510968,True,False,True
110,1,3,0.0,1,0,-0.1621689579829361,False,True,False
111,0,1,1.3313781687055661,0,0,0.39858208016340624,True,False,True
112,0,3,-1.169638230355431,1,0,-0.3573908580066095,False,False,False
113,0,3,-0.5924805998028931,0,0,-0.4863374216869257,True,False,True
114,0,3,-0.7463893012835698,1,0,-0.4505983519307405,False,False,True
115,0,3,-0.977252353504585,0,0,-0.3573083057891445,False,False,False
116,0,3,-0.6694349505432314,0,0,-0.4888542575852486,True,False,True
118,0,2,-0.05380014462052453,1,0,-0.22559322262067316,True,False,True
122,0,3,0.0,0,0,-0.4863374216869257,True,False,True
123,0,2,0.21554008297065974,1,0,-0.04295550208861426,True,False,False
124,1,2,0.21554008297065974,0,0,-0.3866707201133388,False,False,True
126,1,3,-1.3620241072062766,1,0,-0.42207354059350805,True,False,False
127,0,3,0.0,0,0,-0.49237782784290063,True,True,False
128,1,3,-0.4385718983222164,0,0,-0.5046257580584992,True,False,True
129,1,3,0.0,1,1,-0.19824427701513722,False,False,False
130,0,3,1.1774694672248893,0,0,-0.5079822104125026,True,False,True
131,0,3,0.25401725834082894,0,0,-0.4894421904510968,True,False,False
132,0,3,-0.7463893012835698,0,0,-0.5064721088735089,True,False,True
133,0,3,1.3313781687055661,1,0,-0.35646868933346404,False,False,True
134,1,2,-0.05380014462052453,1,0,-0.12491978668775715,False,False,True
135,0,2,-0.361617547581878,0,0,-0.3866707201133388,True,False,True
136,0,2,-0.5155262490625547,0,0,-0.3454791770670269,True,False,False
137,1,1,-0.8233436520239081,0,2,-0.11921562980779811,False,False,True
138,0,1,0.5618346613021824,1,0,0.4207302360686478,True,False,True
139,0,3,-1.0542067042449232,0,0,-0.4628462821463391,True,False,True
141,0,3,0.0,0,2,-0.3414522396297103,False,False,False
142,1,3,-0.5924805998028931,0,0,-0.49237782784290063,False,False,True
143,1,3,-0.4385718983222164,1,0,-0.32928686163157667,False,False,True
144,0,3,-0.8233436520239081,0,0,-0.5125125150294839,True,True,False
145,0,2,-0.9002980027642465,0,0,-0.41687275089321363,True,False,True
146,0,2,-0.8233436520239081,1,1,0.09152810056801232,True,False,True
147,1,3,-0.20770884610120124,0,0,-0.49145565916975514,True,False,True
148,0,3,-1.5928871594272918,2,2,0.04370821849987721,False,False,True
149,0,2,0.5233574859320133,0,2,-0.12491978668775715,True,False,True
150,0,2,0.9466064150038742,0,0,-0.3866707201133388,True,False,True
151,0,2,1.6391955716669195,0,0,-0.39623469652696586,True,False,True
154,0,3,0.8311748888933667,0,2,-0.35646868933346404,True,False,True
155,0,3,0.0,0,0,-0.5011867534870308,True,False,True
156,0,1,1.6391955716669195,0,1,0.5874293382238074,True,False,False
157,1,3,-1.0542067042449232,0,0,-0.49271407711891657,False,True,False
158,0,3,0.02315420611981384,0,0,-0.4863374216869257,True,False,True
159,0,3,0.0,0,0,-0.47400492578514347,True,False,True
161,0,3,1.100515116484551,0,1,-0.32425318983493084,True,False,True
162,1,2,0.7926977135231975,0,0,-0.331300330350235,False,False,True
163,0,3,-0.2846631968415396,0,0,-0.4918744606632361,True,False,True
164,0,3,-0.977252353504585,0,0,-0.47400492578514347,True,False,True
166,1,3,-1.5928871594272918,0,2,-0.2351571990343002,True,False,True
167,1,1,0.0,0,1,0.4589861417231558,False,False,True
168,0,3,1.1774694672248893,1,4,-0.08666388103324908,False,False,True
169,0,1,0.0,0,0,-0.12642988822675086,True,False,True
170,0,3,-0.1307544953608629,0,0,0.48910360681684706,True,False,True
172,0,3,-1.9776589131289837,4,1,-0.06199888922968463,True,True,False
174,0,3,-0.6694349505432314,0,0,-0.4888542575852486,True,False,True
176,0,3,-0.9002980027642465,1,1,-0.4902797934380587,True,False,True
177,0,3,0.0,3,1,-0.13565761536436197,True,False,True
178,0,1,1.5622412209265812,0,0,-0.07030444769415023,False,False,False
179,0,2,0.02315420611981384,0,0,-0.3866707201133388,True,False,True
180,0,3,0.48488031056184405,0,0,-0.6484216535389205,True,False,True
182,0,2,0.0,0,0,-0.34539461138084326,True,False,False
183,0,3,-1.5928871594272918,4,2,-0.016444159470040135,True,False,True
185,1,3,-1.9776589131289837,0,2,-0.20495516825442542,False,False,True
186,0,1,0.0,0,0,0.3583127057902398,True,False,True
187,1,3,0.0,1,0,-0.3363340021468808,False,True,False
188,1,1,1.1774694672248893,0,0,-0.11384570873513637,True,False,True
189,0,3,0.7926977135231975,1,1,-0.3363340021468808,True,True,False
190,0,3,0.48488031056184405,0,0,-0.4894421904510968,True,False,True
191,1,2,0.17706290760049057,0,0,-0.3866707201133388,False,False,True
192,0,2,-0.8233436520239081,0,0,-0.3866707201133388,True,False,True
193,1,3,-0.8233436520239081,1,0,-0.4902797934380587,False,False,True
194,1,2,-2.054613263869322,1,1,-0.12491978668775715,True,False,True
195,1,1,1.100515116484551,0,0,-0.09027201697708476,False,False,False
197,0,3,0.0,0,0,-0.49237782784290063,True,True,False
198,0,3,0.9466064150038742,0,1,-0.47920571548543794,True,False,True
199,1,3,0.0,0,0,-0.49237782784290063,False,True,False
200,0,2,-0.4385718983222164,0,0,-0.3866707201133388,False,False,True
201,0,3,-0.1307544953608629,0,0,-0.45714212526638004,True,False,True
203,0,3,0.3309716090811673,0,0,-0.5176307525123133,True,False,True
204,0,3,1.2159466425950585,0,0,-0.5029485386158568,True,False,False
205,1,3,-0.9002980027642465,0,0,-0.4863374216869257,True,False,True
207,0,3,0.17706290760049057,1,0,-0.32928686163157667,True,False,True
208,1,3,-0.2846631968415396,0,0,-0.2701412180209885,True,False,False
209,1,3,-1.0542067042449232,0,0,-0.49237782784290063,False,True,False
210,1,1,0.7926977135231975,0,0,-0.024246350754841113,True,False,False
211,0,3,-0.4385718983222164,0,0,-0.5064721088735089,True,False,True
212,1,2,0.40792595982150565,0,0,-0.22559322262067316,False,False,True
213,0,3,-0.5924805998028931,0,0,-0.5024451714361923,True,False,True
214,0,2,0.02315420611981384,0,0,-0.3866707201133388,True,False,True
215,0,3,0.0,1,0,-0.49237782784290063,True,True,False
217,1,3,-0.20770884610120124,0,0,-0.4888542575852486,False,False,True
218,0,2,0.9466064150038742,1,0,-0.10478509950117394,True,False,True
220,0,2,0.02315420611981384,0,0,-0.43700743807979686,True,False,True
221,1,3,-1.0542067042449232,0,0,-0.4863374216869257,True,False,True
222,0,2,-0.20770884610120124,0,0,-0.3866707201133388,True,False,True
223,0,3,1.6391955716669195,0,0,-0.4863374216869257,True,False,True
224,0,3,0.0,0,0,-0.4894421904510968,True,False,True
226,0,3,-0.5924805998028931,0,0,-0.4601623283443675,True,False,True
227,1,2,-0.8233436520239081,0,0,-0.43700743807979686,True,False,True
228,0,3,-0.7079121259134006,0,0,-0.5024451714361923,True,False,True
229,0,2,-0.9002980027642465,0,0,-0.3866707201133388,True,False,True
230,0,3,0.0,3,1,-0.13565761536436197,False,False,True
232,0,3,-0.05380014462052453,0,0,-0.4918744606632361,True,False,True
234,1,3,-1.9007045623886454,4,2,-0.016444159470040135,False,False,True
235,0,2,-0.4385718983222164,0,0,-0.43700743807979686,True,False,True
236,0,3,0.0,0,0,-0.49640476528021726,False,False,True
237,0,2,1.100515116484551,1,0,-0.12491978668775715,True,False,True
238,1,2,-1.6698415101676303,0,2,-0.11988611489111134,False,False,True
239,0,2,-0.8233436520239081,0,0,-0.43700743807979686,True,False,True
240,0,2,0.25401725834082894,0,0,-0.4012683683236117,True,False,True
241,0,3,0.0,1,0,-0.3573908580066095,False,False,False
242,1,3,0.0,1,0,-0.3363340021468808,False,True,False
243,0,2,-0.05380014462052453,0,0,-0.43700743807979686,True,False,True
244,0,3,-0.5924805998028931,0,0,-0.5049620073345151,True,False,True
245,0,3,0.02315420611981384,0,0,-0.5029485386158568,True,False,False
247,0,3,-0.361617547581878,0,0,-0.4918744606632361,False,False,True
248,1,2,-0.4385718983222164,0,2,-0.35646868933346404,False,False,True
249,1,1,0.5618346613021824,1,1,0.40974072380221066,True,False,True
250,0,2,1.8700586238879346,1,0,-0.12491978668775715,True,False,True
251,0,3,0.0,0,0,-0.5024451714361923,True,False,True
252,0,3,-0.05380014462052453,1,1,-0.43776248884929375,False,False,True
254,0,3,0.02315420611981384,1,0,-0.32425318983493084,True,False,True
255,0,3,0.8696520642635358,0,2,-0.2414492887801075,False,False,True
256,1,3,-0.05380014462052453,0,2,-0.3414522396297103,False,False,False
260,1,2,1.5622412209265812,0,1,-0.12491978668775715,False,False,True
261,0,3,0.0,0,0,-0.49237782784290063,True,True,False
262,1,3,-2.054613263869322,4,2,-0.016444159470040135,True,False,True
264,0,1,0.7926977135231975,0,0,-0.6484216535389205,True,False,True
265,0,3,0.0,0,0,-0.49237782784290063,False,True,False
266,0,2,0.48488031056184405,0,0,-0.43700743807979686,True,False,True
267,0,3,-1.0542067042449232,4,1,0.1506737441786005,True,False,True
268,1,3,-0.361617547581878,1,0,-0.4918744606632361,True,False,True
271,0,1,0.0,0,0,-0.024246350754841113,True,False,True
272,1,3,-0.361617547581878,0,0,-0.6484216535389205,True,False,True
273,1,2,0.8696520642635358,0,1,-0.255795253400548,False,False,True
274,0,1,0.5618346613021824,0,1,-0.05042144409739929,True,False,False
275,1,3,0.0,0,0,-0.49237782784290063,False,True,False
277,0,3,1.1774694672248893,0,0,-0.49237782784290063,False,False,True
278,0,2,0.0,0,0,-0.6484216535389205,True,False,True
279,0,3,-1.7467958609079686,4,1,-0.06199888922968463,True,True,False
280,1,3,0.40792595982150565,1,1,-0.24069423801061057,False,False,True
282,0,3,-0.1307544953608629,0,0,-0.4902797934380587,True,False,True
283,0,3,-1.0542067042449232,0,0,-0.45714212526638004,True,False,True
284,1,3,-0.8233436520239081,0,0,-0.4863374216869257,True,False,True
285,0,1,0.0,0,0,-0.12491978668775715,True,False,True
286,0,3,0.25401725834082894,0,0,-0.47400492578514347,True,False,False
287,1,3,0.02315420611981384,0,0,-0.45714212526638004,True,False,True
288,0,3,-0.5924805998028931,0,0,-0.4894421904510968,True,False,True
289,1,2,0.9466064150038742,0,0,-0.3866707201133388,True,False,True
290,1,3,-0.5924805998028931,0,0,-0.49237782784290063,False,True,False
293,0,2,0.48488031056184405,0,0,-0.3891875560116617,True,False,False
294,0,3,-0.4385718983222164,0,0,-0.4702296719376591,False,False,True
295,0,3,-0.4385718983222164,0,0,-0.4894421904510968,True,False,True
296,0,1,0.0,0,0,-0.09027201697708476,True,False,False
297,0,3,-0.47704907369238553,0,0,-0.5028639729296732,True,False,False
299,1,1,0.0,0,0,-0.034313694348132716,True,False,True
301,1,3,0.0,0,0,-0.49237782784290063,False,True,False
302,1,3,0.0,2,0,-0.18029017645086096,True,True,False
303,0,3,-0.8233436520239081,0,0,-0.6484216535389205,True,False,True
304,1,2,0.0,0,0,-0.3997582667846179,False,True,False
305,0,3,0.0,0,0,-0.4863374216869257,True,False,True
309,0,2,0.02315420611981384,1,0,-0.16518916106092355,True,False,False
310,1,1,0.02315420611981384,0,0,0.49782998024351216,False,False,False
313,0,2,-0.2846631968415396,1,1,-0.12491978668775715,False,False,True
314,0,3,-0.1307544953608629,0,0,-0.4894421904510968,True,False,True
315,0,2,1.0235607657442125,1,1,-0.11988611489111134,True,False,True
316,1,3,-0.2846631968415396,0,0,-0.4902797934380587,False,False,True
317,1,2,-0.4385718983222164,1,0,-0.12491978668775715,False,False,True
318,0,2,1.8700586238879346,0,0,-0.36653603292675563,True,False,True
321,0,3,-0.5924805998028931,0,0,-0.5024451714361923,True,False,True
322,0,3,-0.20770884610120124,0,0,-0.4894421904510968,True,False,True
323,1,2,0.02315420611981384,0,0,-0.3997582667846179,False,True,False
324,1,2,-0.5924805998028931,1,1,-0.06451572512800753,False,False,True
328,1,2,0.48488031056184405,0,0,-0.3866707201133388,False,False,True
329,1,3,0.1001085568601522,1,1,-0.2351571990343002,False,False,True
330,1,1,-1.0542067042449232,0,1,0.5189714017894245,False,False,False
331,1,3,0.0,2,0,-0.18029017645086096,False,True,False
332,0,1,1.2159466425950585,0,0,-0.07458306872129913,True,False,True
334,0,3,-1.0542067042449232,2,0,-0.2859972841804228,True,False,True
336,0,3,0.0,0,0,-0.4894421904510968,True,False,True
339,1,3,1.1774694672248893,0,0,-0.4863374216869257,True,False,True
340,0,1,1.1774694672248893,0,0,0.06635974158478332,True,False,True
343,0,2,-0.1307544953608629,0,0,-0.3866707201133388,True,False,True
344,0,2,-0.361617547581878,0,0,-0.3866707201133388,True,False,True
345,0,2,0.48488031056184405,0,0,-0.3866707201133388,True,False,True
346,1,2,-0.4385718983222164,0,0,-0.3866707201133388,False,False,True
347,1,2,0.7926977135231975,0,0,-0.3866707201133388,False,False,True
348,1,3,0.0,1,0,-0.32425318983493084,False,False,True
349,1,3,-2.054613263869322,1,1,-0.32828012727224753,True,False,True
350,0,3,0.9466064150038742,0,0,-0.47400492578514347,True,False,True
351,0,3,-0.5155262490625547,0,0,-0.4626791642426904,True,False,True
352,0,1,0.0,0,0,0.05629239799149171,True,False,True
353,0,3,-1.1311610549852615,1,1,-0.5028639729296732,True,False,False
354,0,3,-0.361617547581878,1,0,-0.29002422161773944,True,False,True
355,0,3,0.0,0,0,-0.5029485386158568,True,False,False
356,0,3,-0.1307544953608629,0,0,-0.45714212526638004,True,False,True
357,1,1,-0.5924805998028931,0,1,0.4589861417231558,False,False,True
358,0,2,0.6387890120425208,0,0,-0.3866707201133388,False,False,True
359,1,3,0.0,0,0,-0.48977642625839407,False,True,False
360,1,3,0.0,0,0,-0.48977642625839407,False,True,False
361,0,3,0.7926977135231975,1,4,-0.08666388103324908,True,False,True
362,0,2,-0.05380014462052453,1,0,-0.09027201697708476,True,False,False
363,0,3,1.1774694672248893,0,1,-0.3573908580066095,False,False,False
364,0,3,0.40792595982150565,0,0,-0.5064721088735089,True,False,True
365,0,3,0.0,1,0,-0.3363340021468808,True,True,False
366,0,3,0.02315420611981384,0,0,-0.5024451714361923,True,False,True
368,1,3,0.0,0,0,-0.5028639729296732,False,False,False
369,1,3,0.0,0,0,-0.49237782784290063,False,True,False
371,1,1,-0.361617547581878,1,0,0.4678796330534696,True,False,False
372,0,3,-0.9002980027642465,1,0,-0.5176307525123133,True,False,True
373,0,3,-0.8233436520239081,0,0,-0.4863374216869257,True,False,True
375,0,3,-2.054613263869322,3,1,-0.22408312108167944,False,False,True
377,1,3,-0.5924805998028931,0,0,-0.5024451714361923,False,False,True
379,0,3,-0.7463893012835698,0,0,-0.5676312212027554,True,False,False
380,0,3,-0.8233436520239081,0,0,-0.4918744606632361,True,False,True
383,0,3,0.17706290760049057,0,0,-0.4888542575852486,True,False,True
384,1,1,0.40792595982150565,1,0,0.39858208016340624,False,False,True
385,0,3,0.0,0,0,-0.4894421904510968,True,False,True
388,1,2,0.48488031056184405,0,0,-0.3866707201133388,False,False,True
389,0,3,0.0,0,0,-0.49279662933638163,True,True,False
390,1,2,-0.977252353504585,0,0,-0.40680540729992204,False,False,False
392,1,3,-0.6694349505432314,0,0,-0.49145565916975514,True,False,True
393,0,3,-0.1307544953608629,2,0,-0.4888542575852486,True,False,True
395,1,3,-0.4385718983222164,0,2,-0.312172377522981,False,False,True
396,0,3,-0.5924805998028931,0,0,-0.49145565916975514,True,False,True
397,0,3,0.1001085568601522,0,0,-0.4902797934380587,False,False,True
398,0,2,1.2544238179652276,0,0,-0.12491978668775715,True,False,True
399,0,2,-0.5155262490625547,0,0,-0.43700743807979686,True,False,True
400,1,2,-0.1307544953608629,0,0,-0.393717860628643,False,False,True
401,1,3,0.7157433627828591,0,0,-0.4888542575852486,True,False,True
402,0,3,-0.2846631968415396,0,0,-0.4863374216869257,True,False,True
403,0,3,-0.6694349505432314,1,0,-0.4505983519307405,False,False,True
404,0,3,-0.1307544953608629,1,0,-0.32928686163157667,True,False,True
405,0,3,-0.7463893012835698,0,0,-0.47400492578514347,False,False,True
406,0,2,0.3309716090811673,1,0,-0.22559322262067316,True,False,True
407,0,3,1.6391955716669195,0,0,-0.49237782784290063,True,False,True
408,1,2,-2.054613263869322,1,1,-0.2708962687904854,True,False,True
409,0,3,-0.6694349505432314,0,0,-0.4918744606632361,True,False,True
410,0,3,0.0,3,1,-0.13565761536436197,False,False,True
411,0,3,0.0,0,0,-0.4894421904510968,True,False,True
412,0,3,0.0,0,0,-0.5103319284071769,True,True,False
414,0,2,0.0,0,0,-0.6484216535389205,True,False,True
415,1,3,1.100515116484551,0,0,-0.4888542575852486,True,False,True
416,0,3,0.0,0,0,-0.4863374216869257,False,False,True
417,1,2,0.3309716090811673,1,1,0.005955680025033696,False,False,True
418,1,2,-0.9002980027642465,0,2,-0.3866707201133388,False,False,True
419,0,2,0.02315420611981384,0,0,-0.3866707201133388,True,False,True
420,0,3,-1.5159328086869535,0,2,-0.1621689579829361,False,False,True
421,0,3,0.0,0,0,-0.4894421904510968,True,False,False
422,0,3,-0.6694349505432314,0,0,-0.49271407711891657,True,True,False
423,0,3,-0.05380014462052453,0,0,-0.4898609919445778,True,False,True
424,0,3,-0.1307544953608629,1,1,-0.35848215805212236,False,False,True
425,0,3,-0.9002980027642465,1,1,-0.2414492887801075,True,False,True
426,0,3,0.0,0,0,-0.5024451714361923,True,False,True
427,1,2,-0.1307544953608629,1,0,-0.12491978668775715,False,False,True
428,1,2,-0.8233436520239081,0,0,-0.12491978668775715,False,False,True
429,0,3,0.0,0,0,-0.49237782784290063,True,True,False
430,1,3,0.17706290760049057,0,0,-0.4863374216869257,True,False,True
431,1,1,-0.1307544953608629,0,0,-0.11384570873513637,True,False,True
432,1,3,0.0,1,0,-0.32425318983493084,False,False,True
433,1,2,0.9466064150038742,1,0,-0.12491978668775715,False,False,True
434,0,3,-0.977252353504585,0,0,-0.5049620073345151,True,False,True
435,0,1,1.5622412209265812,1,0,0.4771073601910807,True,False,True
437,0,3,-0.6694349505432314,2,2,0.04370821849987721,False,False,True
438,1,2,-0.4385718983222164,2,3,-0.2708962687904854,False,False,True
440,0,2,0.1001085568601522,0,0,-0.43700743807979686,True,False,True
441,1,2,1.1774694672248893,1,1,-0.11988611489111134,False,False,True
442,0,3,-0.7463893012835698,0,0,-0.45714212526638004,True,False,True
443,0,3,-0.361617547581878,1,0,-0.4918744606632361,True,False,True
444,1,2,-0.1307544953608629,0,0,-0.3866707201133388,False,False,True
445,1,3,0.0,0,0,-0.48507900373776425,True,False,True
447,1,2,-1.2850697564659384,0,1,-0.255795253400548,False,False,True
448,1,1,0.3309716090811673,0,0,-0.11384570873513637,True,False,True
449,1,3,-1.9007045623886454,2,1,-0.26066180729354516,False,False,False
450,1,1,1.7161499224072578,0,0,-0.034313694348132716,True,False,True
451,0,2,0.48488031056184405,1,2,-0.08968408411123653,True,False,True
452,0,3,0.0,1,0,-0.2463983948905696,True,False,True
453,0,1,0.02315420611981384,0,0,-0.08968408411123653,True,False,False
455,0,3,0.0,0,0,-0.4863374216869257,True,False,True
456,1,3,-0.05380014462052453,0,0,-0.4894421904510968,True,False,False
458,1,1,0.0,1,0,0.395813560675251,False,False,True
459,1,2,1.5622412209265812,0,0,-0.43700743807979686,False,False,True
460,0,3,0.0,0,0,-0.49237782784290063,True,True,False
461,1,1,1.4083325194459044,0,0,-0.11384570873513637,True,False,True
462,0,3,0.3309716090811673,0,0,-0.4863374216869257,True,False,True
463,0,1,1.3313781687055661,0,0,0.12676380314453292,True,False,True
464,0,2,1.4083325194459044,0,0,-0.3866707201133388,True,False,True
465,0,3,0.0,0,0,-0.4863374216869257,True,False,True
466,0,3,0.6387890120425208,0,0,-0.5064721088735089,True,False,True
467,0,2,0.0,0,0,-0.6484216535389205,True,False,True
469,0,3,0.0,0,0,-0.4928811950225652,True,True,False
471,0,3,0.0,0,0,-0.5024451714361923,True,False,True
472,0,3,0.6387890120425208,0,0,-0.47400492578514347,True,False,True
473,1,2,0.25401725834082894,1,2,-0.08968408411123653,False,False,True
474,1,2,-0.5155262490625547,0,0,-0.3707300882677209,False,False,False
475,0,3,-0.5924805998028931,0,0,-0.45034666834090825,False,False,True
476,0,1,0.0,0,0,0.39858208016340624,True,False,True
477,0,2,0.3309716090811673,1,0,-0.22559322262067316,True,False,True
478,0,3,-0.05380014462052453,1,0,-0.5065566745596926,True,False,True
479,0,3,-0.5924805998028931,0,0,-0.4969926981460655,True,False,True
481,0,3,-1.5928871594272918,5,2,0.2958951755118318,True,False,True
482,0,2,0.0,0,0,-0.6484216535389205,True,False,True
483,0,3,1.5622412209265812,0,0,-0.4863374216869257,True,False,True
486,0,3,0.0,3,1,-0.13565761536436197,False,False,True
489,0,3,0.02315420611981384,0,0,-0.4863374216869257,True,False,True
490,1,3,-1.5928871594272918,1,1,-0.32828012727224753,True,False,True
491,0,3,0.0,1,0,-0.2463983948905696,True,False,True
492,0,3,-0.6694349505432314,0,0,-0.5024451714361923,True,False,True
495,0,3,-0.6694349505432314,0,0,-0.4863374216869257,True,False,True
496,0,3,0.0,0,0,-0.3573083057891445,True,False,False
498,0,3,0.0,0,0,-0.3443878770215141,True,False,True
500,0,3,-0.4385718983222164,0,0,-0.49145565916975514,True,False,True
501,0,3,-0.977252353504585,0,0,-0.47400492578514347,True,False,True
502,0,3,-0.6694349505432314,0,0,-0.49237782784290063,False,True,False
503,0,3,0.0,0,0,-0.4948100980550399,False,True,False
504,0,3,0.5618346613021824,0,0,-0.455380340137554,False,False,True
507,1,2,0.25401725834082894,0,2,-0.12491978668775715,False,False,True
508,1,1,0.0,0,0,-0.11384570873513637,True,False,True
509,0,3,-0.1307544953608629,0,0,-0.1948878246611338,True,False,True
510,1,3,-0.2846631968415396,0,0,0.48910360681684706,True,False,True
511,1,3,-0.05380014462052453,0,0,-0.49237782784290063,True,True,False
512,0,3,0.0,0,0,-0.4863374216869257,True,False,True
513,1,1,0.48488031056184405,0,0,-0.11913106412161445,True,False,True
514,1,1,1.8700586238879346,1,0,0.5475787653441219,False,False,False
515,0,3,-0.4385718983222164,0,0,-0.4974960653257301,True,False,True
516,0,1,1.3313781687055661,0,0,0.036576512298389464,True,False,True
517,1,2,0.3309716090811673,0,0,-0.43700743807979686,False,False,True
518,0,3,0.0,0,0,-0.1621689579829361,True,True,False
519,1,2,0.48488031056184405,1,0,-0.12491978668775715,False,False,True
520,0,3,0.17706290760049057,0,0,-0.4894421904510968,True,False,True
522,0,3,-0.5924805998028931,0,0,-0.4894421904510968,True,False,True
523,0,3,0.0,0,0,-0.5029485386158568,True,False,False
524,1,1,1.100515116484551,0,1,0.5189714017894245,False,False,False
525,0,3,0.0,0,0,-0.5028639729296732,True,False,False
526,0,3,0.8311748888933667,0,0,-0.49237782784290063,True,True,False
527,1,2,1.5622412209265812,0,0,-0.43700743807979686,False,False,True
529,0,3,0.7157433627828591,0,0,-0.4888542575852486,True,False,True
530,0,2,-0.5155262490625547,2,1,-0.41687275089321363,True,False,True
532,0,3,0.0,0,0,-0.5028639729296732,True,False,False
533,0,3,-0.977252353504585,1,1,-0.5028639729296732,True,False,False
534,1,3,0.0,0,2,-0.19824427701513722,False,False,False
535,0,3,0.02315420611981384,0,0,-0.47400492578514347,False,False,True
536,1,2,-1.7467958609079686,0,2,-0.11988611489111134,False,False,True
537,0,1,1.1774694672248893,0,0,-0.11384570873513637,True,False,True
539,0,3,0.0,0,0,-0.35646868933346404,True,False,True
540,1,1,-0.5924805998028931,0,2,0.3482453621969482,False,False,False
542,0,3,-1.5928871594272918,4,2,-0.01870931177853076,False,False,True
543,0,3,-1.4389784579466152,4,2,-0.01870931177853076,False,False,True
544,1,2,0.17706290760049057,1,0,-0.12491978668775715,True,False,True
547,1,2,-0.8233436520239081,1,0,-0.12491978668775715,False,False,True
548,1,2,0.0,0,0,-0.3693045524149108,True,False,False
549,0,3,0.25401725834082894,1,1,-0.2351571990343002,True,False,True
550,1,2,-1.6698415101676303,1,1,0.09152810056801232,True,False,True
552,0,2,-0.20770884610120124,0,0,-0.12491978668775715,True,False,True
553,0,3,0.0,0,0,-0.49078316061772326,True,True,False
554,1,3,-0.5924805998028931,0,0,-0.5029485386158568,True,False,False
555,1,3,-0.5924805998028931,0,0,-0.4918744606632361,False,False,True
557,1,1,1.4083325194459044,1,0,0.1489119590497745,False,False,False
560,1,3,0.48488031056184405,1,0,-0.29807809649237277,False,False,True
561,0,3,0.0,0,0,-0.49237782784290063,True,True,False
562,0,3,0.7926977135231975,0,0,-0.4894421904510968,True,False,True
563,0,2,-0.1307544953608629,0,0,-0.3766033765200472,True,False,True
564,0,3,0.0,0,0,-0.4863374216869257,True,False,True
565,0,3,0.0,0,0,-0.4863374216869257,False,False,True
566,0,3,-0.4385718983222164,2,0,-0.1621689579829361,True,False,True
567,0,3,-0.8233436520239081,0,0,-0.4894421904510968,True,False,True
568,0,3,-0.05380014462052453,0,4,-0.22408312108167944,False,False,True
569,0,3,0.0,0,0,-0.5028639729296732,True,False,False
570,1,3,0.17706290760049057,0,0,-0.4902797934380587,True,False,True
572,1,1,1.7931042731475964,2,0,0.38809593507663365,False,False,True
573,1,1,0.48488031056184405,0,0,-0.11711759540295616,True,False,True
574,1,3,0.0,0,0,-0.49237782784290063,False,True,False
575,0,3,-1.0542067042449232,0,0,-0.4863374216869257,True,False,True
576,0,3,-0.8233436520239081,0,0,-0.35646868933346404,True,False,True
577,1,2,0.3309716090811673,0,0,-0.3866707201133388,False,False,True
578,1,1,0.7157433627828591,1,0,0.4771073601910807,False,False,True
579,0,3,0.0,1,0,-0.3573083057891445,False,False,False
580,1,3,0.17706290760049057,0,0,-0.4888542575852486,True,False,True
581,1,2,-0.361617547581878,1,1,-0.04438103794142432,False,False,True
583,0,2,1.8700586238879346,0,0,-0.12491978668775715,True,False,True
584,0,1,0.48488031056184405,0,0,0.15948266982273065,True,False,False
585,0,3,0.0,0,0,-0.47299819142581434,True,False,False
587,0,2,1.3313781687055661,0,0,-0.3464013457401724,True,False,True
589,0,3,-0.5924805998028931,0,0,-0.4863374216869257,True,False,True
590,0,3,0.0,0,0,-0.4863374216869257,True,False,True
591,0,3,0.40792595982150565,0,0,-0.5049620073345151,True,False,True
593,0,3,1.3313781687055661,0,0,-0.5024451714361923,True,False,True
594,0,3,0.0,0,2,-0.49237782784290063,False,True,False
595,0,2,0.5618346613021824,1,0,-0.12491978668775715,True,False,True
596,0,3,0.48488031056184405,1,1,-0.1621689579829361,True,False,True
597,1,2,0.0,0,0,0.016023023618325298,False,False,True
598,0,3,1.4852868701862427,0,0,-0.6484216535389205,True,False,True
599,0,3,0.0,0,0,-0.5029485386158568,True,False,False
600,1,1,1.4852868701862427,1,0,0.49782998024351216,True,False,False
601,1,2,-0.4385718983222164,2,1,-0.10478509950117394,False,False,True
602,0,3,0.0,0,0,-0.4894421904510968,True,False,True
603,0,1,0.0,0,0,0.2052890831722074,True,False,True
604,0,3,1.100515116484551,0,0,-0.4863374216869257,True,False,True
605,1,1,0.40792595982150565,0,0,-0.11384570873513637,True,False,False
606,0,3,0.48488031056184405,1,0,-0.3353272677875516,True,False,True
607,0,3,0.02315420611981384,0,0,-0.4894421904510968,True,False,True
608,1,1,-0.20770884610120124,0,0,-0.034313694348132716,True,False,True
609,1,2,-0.5924805998028931,1,2,0.18876253192945994,False,False,False
611,0,3,0.7157433627828591,1,5,-0.01870931177853076,False,False,True
612,0,3,0.0,0,0,-0.5064721088735089,True,False,True
613,1,3,0.0,1,0,-0.3363340021468808,False,True,False
614,0,3,0.0,0,0,-0.49237782784290063,True,True,False
615,0,3,0.40792595982150565,0,0,-0.4863374216869257,True,False,True
617,0,3,0.3309716090811673,1,1,-0.35848215805212236,True,False,True
618,0,3,-0.2846631968415396,1,0,-0.32425318983493084,False,False,True
619,1,2,-1.9776589131289837,2,1,0.13683114673782454,False,False,True
620,0,2,-0.2846631968415396,0,0,-0.43700743807979686,True,False,True
621,0,3,-0.20770884610120124,1,0,-0.3573908580066095,True,False,False
622,1,1,0.9466064150038742,1,0,0.40974072380221066,True,False,True
623,1,3,-0.7463893012835698,1,1,-0.33146744825388363,True,False,False
624,0,3,-0.6694349505432314,0,0,-0.4902797934380587,True,False,True
625,0,3,-0.6694349505432314,0,0,-0.32425318983493084,True,False,True
629,0,3,-0.2846631968415396,0,0,-0.4894421904510968,True,False,True
630,0,3,0.0,0,0,-0.49271407711891657,True,True,False
632,0,3,1.6391955716669195,0,0,-0.5063875431873253,True,False,True
633,1,1,0.17706290760049057,0,0,-0.034313694348132716,True,False,False
634,0,1,0.0,0,0,-0.6484216535389205,True,False,True
635,0,3,-1.5928871594272918,3,2,-0.08666388103324908,False,False,True
636,1,2,-0.1307544953608629,0,0,-0.3866707201133388,False,False,True
637,0,3,0.17706290760049057,0,0,-0.4888542575852486,True,False,True
638,0,2,0.1001085568601522,1,1,-0.11988611489111134,True,False,True
639,0,3,0.8696520642635358,0,5,0.1506737441786005,False,False,True
640,0,3,0.0,1,0,-0.32425318983493084,True,False,True
641,0,3,-0.7463893012835698,0,0,-0.4902797934380587,True,False,True
644,1,3,0.0,0,0,0.48910360681684706,True,False,True
647,0,3,-0.8233436520239081,0,0,-0.4894421904510968,True,False,True
649,0,3,0.0,0,0,-0.49640476528021726,True,False,True
650,1,3,-0.5155262490625547,0,0,-0.49640476528021726,False,False,True
651,0,3,0.0,0,0,-0.4894421904510968,True,False,True
652,1,2,-0.9002980027642465,0,1,-0.18532384824750675,False,False,True
653,0,3,-0.6694349505432314,0,0,-0.47861979608830835,True,False,True
654,1,3,0.0,0,0,-0.49078316061772326,False,True,False
655,0,3,-0.9002980027642465,0,0,-0.5125125150294839,False,True,False
657,0,3,0.0,0,0,-0.4894421904510968,True,False,True
658,0,3,0.17706290760049057,1,1,-0.3363340021468808,False,True,False
659,0,2,-0.5155262490625547,0,0,-0.3866707201133388,True,False,True
662,0,3,0.7926977135231975,0,0,-0.5029485386158568,True,False,False
663,0,1,1.3313781687055661,0,0,-0.13322534515222276,True,False,True
664,0,3,0.48488031056184405,0,0,-0.4974960653257301,True,False,True
665,1,3,-0.7463893012835698,1,0,-0.4888542575852486,True,False,True
667,0,2,-0.361617547581878,0,0,-0.3866707201133388,True,False,True
668,0,3,0.0,0,0,-0.4918744606632361,True,False,True
669,0,3,1.0235607657442125,0,0,-0.4863374216869257,True,False,True
670,1,1,0.0,1,0,0.39858208016340624,False,False,True
671,1,2,0.7926977135231975,1,1,0.13683114673782454,False,False,True
672,0,1,0.1001085568601522,1,0,0.39858208016340624,True,False,True
674,1,2,0.1001085568601522,0,0,-0.3866707201133388,True,False,True
675,0,2,0.0,0,0,-0.6484216535389205,True,False,True
676,0,3,-0.9002980027642465,0,0,-0.4918744606632361,True,False,True
677,0,3,-0.4000947229520472,0,0,-0.4863374216869257,True,False,True
678,1,3,-0.9002980027642465,0,0,-0.45026210265472455,False,False,True
679,0,3,1.0235607657442125,1,6,0.2958951755118318,False,False,True
681,0,3,0.0,0,0,-0.48457563655809965,False,True,False
683,0,3,-0.7463893012835698,0,0,-0.4626791642426904,True,False,True
684,0,3,-1.2081154057256,5,2,0.2958951755118318,True,False,True
686,0,2,-0.361617547581878,1,2,0.18876253192945994,True,False,False
687,0,3,-1.2081154057256,4,1,0.1506737441786005,True,False,True
688,0,3,-0.8233436520239081,0,0,-0.44363577710162005,True,False,True
689,0,3,-0.9002980027642465,0,0,-0.49145565916975514,True,False,True
691,1,1,0.1001085568601522,1,0,0.49925551609632224,True,False,True
692,1,3,-1.9776589131289837,0,1,-0.37828059596268965,False,False,False
693,1,3,0.0,0,0,0.48910360681684706,True,False,True
694,0,3,-0.361617547581878,0,0,-0.5029485386158568,True,False,False
696,0,2,1.7161499224072578,0,0,-0.3766033765200472,True,False,True
697,0,3,1.100515116484551,0,0,-0.4863374216869257,True,False,True
698,1,3,0.0,0,0,-0.49271407711891657,False,True,False
700,0,3,0.9466064150038742,0,0,-0.494391296561559,True,False,True
702,1,1,0.40792595982150565,0,0,-0.11913106412161445,True,False,True
703,0,3,-0.9002980027642465,0,1,-0.3573908580066095,False,False,False
704,0,3,-0.361617547581878,0,0,-0.4925449457465493,True,True,False
705,0,3,-0.2846631968415396,1,0,-0.4902797934380587,True,False,True
706,0,2,0.7157433627828591,0,0,-0.12491978668775715,True,False,True
707,1,2,1.1774694672248893,0,0,-0.3766033765200472,False,False,True
708,1,1,0.9466064150038742,0,0,-0.11913106412161445,True,False,True
710,1,3,0.0,1,1,-0.3414522396297103,True,False,False
711,1,1,-0.4385718983222164,0,0,0.3483299278831318,False,False,False
712,0,1,0.0,0,0,-0.11384570873513637,True,False,True
713,1,1,1.4083325194459044,1,0,0.39858208016340624,True,False,True
714,0,3,-0.05380014462052453,0,0,-0.457478374542396,True,False,True
715,0,2,1.7161499224072578,0,0,-0.3866707201133388,True,False,True
716,0,3,-0.8233436520239081,0,0,-0.494391296561559,True,False,True
718,1,2,-0.20770884610120124,0,0,-0.43700743807979686,False,False,True
719,0,3,0.0,0,0,-0.3363340021468808,True,True,False
720,0,3,0.25401725834082894,0,0,-0.4918744606632361,True,False,True
721,1,2,-1.8237502116483069,0,1,0.016023023618325298,False,False,True
722,0,3,-0.977252353504585,1,0,-0.5063875431873253,True,False,True
723,0,2,0.3309716090811673,0,0,-0.3866707201133388,True,False,True
724,0,2,1.5622412209265812,0,0,-0.3866707201133388,True,False,True
725,1,1,-0.20770884610120124,1,0,0.4207302360686478,True,False,True
726,0,3,-0.7463893012835698,0,0,-0.47400492578514347,True,False,True
727,1,2,0.02315420611981384,3,0,-0.22559322262067316,False,False,True
728,1,3,0.0,0,0,-0.4926295114327329,False,True,False
729,0,2,-0.361617547581878,1,0,-0.12491978668775715,True,False,True
730,0,3,-0.361617547581878,1,0,-0.4888542575852486,False,False,True
732,0,3,-1.4389784579466152,0,0,-0.2701412180209885,True,False,False
733,0,2,0.0,0,0,-0.6484216535389205,True,False,True
734,0,2,-0.5155262490625547,0,0,-0.3866707201133388,True,False,True
735,0,2,-0.5155262490625547,0,0,-0.3866707201133388,True,False,True
736,0,3,-0.0922773199906937,0,0,-0.32425318983493084,True,False,True
737,0,3,1.4083325194459044,1,3,0.04370821849987721,False,False,True
739,0,3,0.0,0,0,-0.4894421904510968,True,False,True
740,0,3,0.0,0,0,-0.4894421904510968,True,False,True
741,1,1,0.0,0,0,-0.04438103794142432,True,False,True
744,0,3,-0.4385718983222164,1,0,-0.32425318983493084,True,False,True
745,1,3,0.1001085568601522,0,0,-0.4888542575852486,True,False,True
747,0,3,-1.0542067042449232,1,1,-0.24069423801061057,True,False,True
748,1,2,0.02315420611981384,0,0,-0.3866707201133388,False,False,True
749,0,1,-0.8233436520239081,1,0,0.4207302360686478,True,False,True
750,0,3,0.1001085568601522,0,0,-0.49237782784290063,True,True,False
751,1,2,-1.9776589131289837,1,1,-0.18532384824750675,False,False,True
752,1,3,-1.8237502116483069,0,1,-0.397241430886295,True,False,True
753,0,3,0.25401725834082894,0,0,-0.45714212526638004,True,False,True
754,0,3,-0.5155262490625547,0,0,-0.4894421904510968,True,False,True
757,0,3,-0.1307544953608629,0,0,-0.49145565916975514,True,False,True
758,0,2,-0.9002980027642465,0,0,-0.41687275089321363,True,False,True
759,0,3,0.3309716090811673,0,0,-0.4863374216869257,True,False,True
761,0,3,0.0,0,0,-0.35646868933346404,True,False,True
762,0,3,0.8696520642635358,0,0,-0.5049620073345151,True,False,True
763,1,3,-0.7463893012835698,0,0,-0.5028639729296732,True,False,False
765,0,3,-1.0542067042449232,0,0,-0.4918744606632361,True,False,True
767,0,1,0.0,0,0,0.1489119590497745,True,False,False
768,0,3,0.061631381489983025,0,0,-0.49237782784290063,False,True,False
769,0,3,0.0,1,0,-0.1621689579829361,True,True,False
770,0,3,0.17706290760049057,0,0,-0.4800453319411184,True,False,True
771,0,3,-0.4385718983222164,0,0,-0.45714212526638004,True,False,True
772,0,3,1.4083325194459044,0,0,-0.4902797934380587,True,False,True
774,0,3,0.0,0,0,-0.5029485386158568,True,False,False
775,1,2,1.8700586238879346,1,3,-0.18532384824750675,False,False,True
776,0,3,-0.9002980027642465,0,0,-0.49237782784290063,True,False,True
777,0,3,0.0,0,0,-0.49237782784290063,True,True,False
778,1,3,-1.9007045623886454,0,0,-0.397241430886295,False,False,True
779,0,3,0.0,0,0,-0.4926295114327329,True,True,False
781,1,3,-1.2850697564659384,0,0,-0.5028639729296732,False,False,False
782,1,1,-0.977252353504585,1,0,0.49925551609632224,False,False,True
783,0,1,-0.05380014462052453,0,0,-0.04438103794142432,True,False,True
784,0,3,0.0,1,2,-0.17626323901354432,True,False,True
785,0,3,-0.361617547581878,0,0,-0.5064721088735089,True,False,True
786,0,3,-0.361617547581878,0,0,-0.5024451714361923,True,False,True
787,1,3,-0.9002980027642465,0,0,-0.4974960653257301,False,False,True
788,0,3,-1.6698415101676303,4,1,-0.06199888922968463,True,True,False
791,0,3,0.0,0,0,-0.49237782784290063,True,True,False
792,0,2,-1.0542067042449232,0,0,-0.12491978668775715,True,False,True
794,0,1,0.0,0,0,-0.030371322596999754,True,False,False
795,0,3,-0.361617547581878,0,0,-0.4894421904510968,True,False,True
796,0,2,0.7157433627828591,0,0,-0.3866707201133388,True,False,True
797,1,1,1.4852868701862427,0,0,-0.1263453225405672,False,False,True
798,1,3,0.1001085568601522,0,0,-0.4735861242916626,False,False,True
799,0,3,0.02315420611981384,0,0,-0.5028639729296732,True,False,False
800,0,3,0.02315420611981384,1,1,-0.1621689579829361,False,False,True
801,0,2,0.3309716090811673,0,0,-0.3866707201133388,True,False,True
802,1,2,0.1001085568601522,1,1,-0.11988611489111134,False,False,True
805,1,3,-0.20770884610120124,0,0,-0.5079822104125026,True,False,True
806,0,3,0.1001085568601522,0,0,-0.4918744606632361,True,False,True
807,0,1,0.7157433627828591,0,0,-0.6484216535389205,True,False,True
808,0,3,-0.9002980027642465,0,0,-0.4918744606632361,False,False,True
809,0,2,0.7157433627828591,0,0,-0.3866707201133388,True,False,True
810,1,1,0.25401725834082894,1,0,0.4207302360686478,False,False,True
811,0,3,-0.2846631968415396,0,0,-0.4896093083547455,True,False,True
812,0,3,0.7157433627828591,0,0,-0.1621689579829361,True,False,True
813,0,2,0.40792595982150565,0,0,-0.43700743807979686,True,False,True
814,0,3,-1.8237502116483069,4,2,-0.01870931177853076,False,False,True
815,0,3,0.061631381489983025,0,0,-0.4863374216869257,True,False,True
816,0,1,0.0,0,0,-0.6484216535389205,True,False,True
817,0,3,-0.5155262490625547,0,0,-0.4888542575852486,False,False,True
818,0,2,0.1001085568601522,1,1,0.09664633805084172,True,False,False
819,0,3,1.0235607657442125,0,0,-0.5185529211854588,True,False,True
820,0,3,-1.5159328086869535,3,2,-0.08666388103324908,True,False,True
822,1,3,-0.20770884610120124,0,0,-0.47400492578514347,True,False,True
823,0,1,0.6387890120425208,0,0,-0.6484216535389205,True,False,True
824,1,3,-0.20770884610120124,0,1,-0.397241430886295,False,False,True
826,0,3,0.0,0,0,-0.5084855775921673,True,True,False
827,0,3,0.0,0,0,0.48910360681684706,True,False,True
829,1,3,0.0,0,0,-0.49237782784290063,True,True,False
831,1,3,-1.1311610549852615,1,0,-0.3573908580066095,False,False,False
833,0,3,0.0,0,0,-0.5028639729296732,True,False,False
834,0,3,-0.5155262490625547,0,0,-0.4902797934380587,True,False,True
835,0,3,-0.9002980027642465,0,0,-0.48130374989027985,True,False,True
837,0,3,-0.6694349505432314,0,0,-0.47400492578514347,True,False,True
838,0,3,0.0,0,0,-0.4863374216869257,True,False,True
839,1,3,0.17706290760049057,0,0,0.48910360681684706,True,False,True
840,1,1,0.0,0,0,-0.05042144409739929,True,False,False
841,0,3,-0.7463893012835698,0,0,-0.4888542575852486,True,False,True
842,0,2,-1.0542067042449232,0,0,-0.43700743807979686,True,False,True
843,1,1,0.02315420611981384,0,0,-0.024246350754841113,False,False,False
844,0,3,0.3694487844513365,0,0,-0.5188046047752911,True,False,False
845,0,3,-0.977252353504585,0,0,-0.47400492578514347,True,False,True
846,0,3,0.9466064150038742,0,0,-0.49640476528021726,True,False,True
848,0,3,0.40792595982150565,0,0,-0.4894421904510968,True,False,False
849,0,2,-0.1307544953608629,0,1,0.016023023618325298,True,False,True
851,0,3,-1.9776589131289837,4,2,-0.01870931177853076,True,False,True
853,0,3,-1.5928871594272918,1,1,-0.3414522396297103,False,False,False
854,1,1,-1.0542067042449232,0,1,0.14488502161245778,False,False,True
855,0,2,1.100515116484551,1,0,-0.12491978668775715,False,False,True
856,1,3,-0.9002980027642465,0,1,-0.4601623283443675,False,False,True
858,1,1,1.6391955716669195,0,0,-0.11384570873513637,True,False,True
859,1,3,-0.4385718983222164,0,3,-0.26066180729354516,False,False,False
860,0,3,0.0,0,0,-0.5028639729296732,True,False,False
861,0,3,0.8696520642635358,2,0,-0.36435544630444866,True,False,True
862,0,2,-0.6694349505432314,1,0,-0.41687275089321363,True,False,True
863,1,1,1.4083325194459044,0,0,-0.1263453225405672,False,False,True
865,0,2,-0.4385718983222164,0,0,-0.3866707201133388,True,False,True
866,1,2,0.9466064150038742,0,0,-0.3866707201133388,False,False,True
867,1,2,-0.20770884610120124,1,0,-0.3693891181010945,False,False,False
868,0,1,0.1001085568601522,0,0,0.3682954836973478,True,False,True
869,0,3,0.0,0,0,-0.45714212526638004,True,False,True
870,1,3,-1.9776589131289837,1,1,-0.4242561406845337,True,False,True
871,0,3,-0.2846631968415396,0,0,-0.4894421904510968,True,False,True
872,1,1,1.3313781687055661,1,1,0.40974072380221066,False,False,True
873,0,1,0.25401725834082894,0,0,-0.5477482176060045,True,False,True
874,0,3,1.3313781687055661,0,0,-0.46720946885967163,True,False,True
875,1,2,-0.1307544953608629,1,0,-0.16518916106092355,False,False,False
876,1,3,-1.1311610549852615,0,0,-0.5029485386158568,False,False,False
877,0,3,-0.7463893012835698,0,0,-0.45017955043725955,True,False,True
878,0,3,-0.8233436520239081,0,0,-0.4894421904510968,True,False,True
879,0,3,0.0,0,0,-0.4894421904510968,True,False,True
881,1,2,-0.361617547581878,0,1,-0.12491978668775715,False,False,True
882,0,3,0.25401725834082894,0,0,-0.4894421904510968,True,False,True
883,0,3,-0.5924805998028931,0,0,-0.4366711888037809,False,False,True
884,0,2,-0.1307544953608629,0,0,-0.43700743807979686,True,False,True
885,0,3,-0.361617547581878,0,0,-0.5064721088735089,True,False,True
886,0,3,0.7157433627828591,0,5,-0.06199888922968463,False,True,False
887,0,2,-0.20770884610120124,0,0,-0.3866707201133388,True,False,True
888,1,1,-0.8233436520239081,0,0,-0.04438103794142432,False,False,True
889,0,3,0.0,1,2,-0.17626323901354432,False,False,True
890,1,1,-0.2846631968415396,0,0,-0.04438103794142432,True,False,False
891,0,3,0.17706290760049057,0,0,-0.49237782784290063,True,True,False
